maturity,zero_rate
0.08333333333333333,0.0369
0.16666666666666666,0.037000000000000005
0.25,0.0378
0.3333333333333333,0.0379
0.5,0.0382
1.0,0.038599999999999995
2.0,0.0409
3.0,0.0412
5.0,0.0421
7.0,0.0434
10.0,0.044800000000000006
20.0,0.049800000000000004
30.0,0.049699999999999994
